aa_eleicao,nm_pais,nm_regiao,sg_uf,qt_eleitor_apto,qt_eleitor_comp,qt_eleitor_abstencao
2022,Brasil,NORTE,AC,588433,456508,131925
2022,Brasil,NORDESTE,AL,2325656,1805312,520344
2022,Brasil,NORTE,AM,2647748,2115066,532682
2022,Brasil,NORTE,AP,550687,443290,107397
2022,Brasil,NORDESTE,BA,11291528,8882777,2408751
2022,Brasil,NORDESTE,CE,6820673,5630518,1190155
2022,Brasil,CENTRO-OESTE,DF,2203045,1816040,387005
2022,Brasil,SUDESTE,ES,2921506,2315070,606436
2022,Brasil,CENTRO-OESTE,GO,4870354,3812641,1057713
2022,Brasil,NORDESTE,MA,5042999,3923955,1119044
2022,Brasil,SUDESTE,MG,16290870,12662040,3628830
2022,Brasil,CENTRO-OESTE,MS,1996510,1555733,440777
2022,Brasil,CENTRO-OESTE,MT,2469414,1892157,577257
2022,Brasil,NORTE,PA,6082312,4792119,1290193
2022,Brasil,NORDESTE,PB,3091684,2557096,534588
2022,Brasil,NORDESTE,PE,7018098,5740784,1277314
2022,Brasil,NORDESTE,PI,2573810,2118791,455019
2022,Brasil,SUL,PR,8475632,6824186,1651446
2022,Brasil,SUDESTE,RJ,12827296,9910141,2917155
2022,Brasil,NORDESTE,RN,2554727,2090946,463781
2022,Brasil,NORTE,RO,1230987,927689,303298
2022,Brasil,NORTE,RR,366240,305060,61180
2022,Brasil,SUL,RS,8593469,6893787,1699682
2022,Brasil,SUL,SC,5489658,4476797,1012861
2022,Brasil,NORDESTE,SE,1671801,1365123,306678
2022,Brasil,SUDESTE,SP,34667793,27173159,7494634
2022,Brasil,NORTE,TO,1094003,891208,202795
2022,Exterior,EXTERIOR,ZZ,697078,336913,360165
